x,y,mean_flat_probability,residual_rms,residual_std,mean_abs_residual
0,0,0.9584303028490142,0.0055760636903360175,0.0055760636903360175,0.0043555499728612935
64,0,0.9565053337057343,0.00498288683397463,0.00498288683397463,0.0038072702020365747
128,0,0.9383939250174196,0.005621853932548619,0.005621853932548619,0.0043671600062330515
192,0,0.9325996236226719,0.006063647634000804,0.006063647634000803,0.004835074242108786
256,0,0.9600182961218404,0.005367268100945671,0.005367268100945671,0.004228857925008918
320,0,0.974514144538609,0.005289122780775023,0.005289122780775023,0.004164036284839153
384,0,0.9641252776374692,0.005772511892529603,0.005772511892529603,0.004582203420641909
448,0,0.9503525879279349,0.006171065110743927,0.006171065110743927,0.004854408783608021
512,0,0.9162852102595723,0.0064670203770704785,0.0064670203770704785,0.005002330283165891
576,0,0.906198280992565,0.005895947326339955,0.005895947326339955,0.0044998928018882035
640,0,0.9227959003625437,0.005635328526598086,0.005635328526598086,0.0043833452491708405
704,0,0.9331985617769006,0.005911198655018943,0.005911198655018943,0.004675190462193733
768,0,0.9511576969336715,0.005681501949783003,0.005681501949783003,0.004509053634467303
832,0,0.9479920391863821,0.0057827499702431335,0.0057827499702431335,0.004602971866363641
896,0,0.9338239251612535,0.006058831724482162,0.006058831724482162,0.0048329224432743295
960,0,0.9349570713743725,0.005874393136867928,0.005874393136867928,0.004656998679632566
1024,0,0.9427932060089314,0.005880114063925688,0.005880114063925688,0.004670133162891568
1088,0,0.9345800118311625,0.006941384584833929,0.006941384584833929,0.005290905088754157
1152,0,0.9370951208238598,0.006955824982393114,0.006955824982393114,0.005271805479474546
1216,0,0.9474618764913448,0.005945306779727608,0.005945306779727608,0.004683481529176926
1280,0,0.9370946620170196,0.005846549559018229,0.005846549559018229,0.004629462539680296
1344,0,0.9287594582406415,0.005932012502527837,0.005932012502527837,0.004680585504908118
1408,0,0.920829997155772,0.005991638947274552,0.005991638947274552,0.004733134398938027
1472,0,0.9074598023698908,0.005964417796001908,0.005964417796001908,0.004725843239474511
1536,0,0.911224961662289,0.006032553482746349,0.006032553482746349,0.0047758845086013565
1600,0,0.9134166264451684,0.006155001135720434,0.006155001135720434,0.004902923018487616
1664,0,0.9212723905559197,0.005996366330281155,0.005996366330281155,0.004772761369512005
1728,0,0.9343949377531147,0.005899437174674622,0.005899437174674622,0.004670395624154197
1792,0,0.9300167889052193,0.005877602156341226,0.005877602156341226,0.004652144961821477
1856,0,0.9300117375870681,0.0059238451681538525,0.0059238451681538525,0.004714915618373864
1920,0,0.9342510719879292,0.005983130127199759,0.005983130127199759,0.0047751573203793675
0,64,0.9500673164852297,0.005906982409263344,0.005906982409263344,0.004695399112060345
64,64,0.9300433210541574,0.005692324827274151,0.005692324827274151,0.004453135594725202
128,64,0.926848733975525,0.005733296107629929,0.005733296107629929,0.004491735882708773
192,64,0.9387790699973098,0.005916128404171674,0.005916128404171674,0.0047033514636597405
256,64,0.9486028164461828,0.005632348208238269,0.005632348208238269,0.004444286449177389
320,64,0.9567472623576005,0.005496526711466364,0.005496526711466364,0.004326080773320489
384,64,0.9547022079945235,0.005767876566928665,0.005767876566928665,0.004572991372416901
448,64,0.9567633875647805,0.0059053378575722884,0.0059053378575722884,0.004698075569094936
512,64,0.9539415612687354,0.00585863199202114,0.00585863199202114,0.0046675528526075385
576,64,0.9486091944824718,0.00549130331103015,0.00549130331103015,0.004326622149706395
640,64,0.9410641905303532,0.005522212527392864,0.005522212527392864,0.004348002750501711
704,64,0.9350340384573906,0.005939861882334515,0.005939861882334515,0.004727630097282006
768,64,0.9492482853441293,0.006009918443235147,0.006009918443235147,0.004782562094165159
832,64,0.9504516163391796,0.005982582422349522,0.005982582422349522,0.0047585660028730305
896,64,0.9441975287985076,0.005954814524837298,0.005954814524837298,0.004746372986729509
960,64,0.9417543763804956,0.005920915261230621,0.005920915261230621,0.004710415253460104
1024,64,0.9406782448618356,0.005976697436654531,0.005976697436654531,0.0047471146087758025
1088,64,0.9478673208175995,0.005988161629020768,0.005988161629020768,0.004762456974478881
1152,64,0.9567200250389283,0.005911344115628744,0.005911344115628744,0.004728213996340258
1216,64,0.9592412139812351,0.005659218989317436,0.005659218989317436,0.004500929843255304
1280,64,0.9521491466532319,0.005550361267985975,0.005550361267985975,0.004377839431224339
1344,64,0.9495426711742256,0.005715972300204444,0.005715972300204444,0.004512890080067934
1408,64,0.9395713020709568,0.005921609437830427,0.005921609437830427,0.00469872615843678
1472,64,0.9062487117543551,0.006039486650520051,0.006039486650520051,0.004795504829395633
1536,64,0.8956737546183309,0.006049694730898296,0.006049694730898296,0.004798630968038136
1600,64,0.9120974208712291,0.006049449792169479,0.006049449792169479,0.004830374070336041
1664,64,0.9285960817628882,0.005930744994322504,0.005930744994322504,0.0047379415957647195
1728,64,0.9339225476154157,0.005817412223382319,0.005817412223382319,0.004618524155057843
1792,64,0.921636686836934,0.005768088170855415,0.005768088170855415,0.004559560575111825
1856,64,0.9186850033376976,0.005810197452406267,0.005810197452406267,0.004608824032843763
1920,64,0.923349184201745,0.0058891569183427885,0.0058891569183427885,0.0046920637957542245
0,128,0.9471028529001295,0.005868777493813008,0.005868777493813008,0.004674683709949621
64,128,0.9349651303321731,0.006020662278826915,0.006020662278826915,0.004789337696076407
128,128,0.9397309072306659,0.005956479296797975,0.005956479296797975,0.004728899866836266
192,128,0.9463001978143477,0.005958048574679458,0.005958048574679458,0.004738303532104625
256,128,0.9401917622709741,0.0060149146202124505,0.0060149146202124505,0.004804023729105803
320,128,0.9485100562933673,0.005941197358595131,0.005941197358595131,0.0047479686467867405
384,128,0.9545982269044779,0.0059711568569980914,0.0059711568569980914,0.004763581069658193
448,128,0.9504384984184526,0.00599789677354192,0.00599789677354192,0.00478943183710572
512,128,0.9502060485650119,0.005930601227020512,0.005930601227020512,0.004741057883498762
576,128,0.9521636105130078,0.0058137458857118835,0.0058137458857118835,0.004630057028005542
640,128,0.9508372494564601,0.00583796601163085,0.00583796601163085,0.0046388274816184134
704,128,0.9441422640801052,0.005983988921062168,0.005983988921062168,0.004763697022786643
768,128,0.9482362599333372,0.006020052742786165,0.006020052742786165,0.004794524818910793
832,128,0.9549440720407002,0.005991156592886591,0.005991156592886591,0.004756019484111538
896,128,0.9625772148584782,0.005986943014960127,0.005986943014960127,0.004761990309824429
960,128,0.9631571722068519,0.006023475007444564,0.006023475007444564,0.0048128750282243945
1024,128,0.9558615887549236,0.0059757739111885744,0.0059757739111885744,0.004763134999753323
1088,128,0.9507906508640503,0.0059007368670595224,0.0059007368670595224,0.0046917193512802016
1152,128,0.9523471402571755,0.005871151789344942,0.005871151789344942,0.0046870255240372
1216,128,0.9562963220815761,0.005613696804128881,0.005613696804128881,0.004449588812048957
1280,128,0.9363893225247811,0.005622596302850584,0.005622596302850584,0.00440922459077912
1344,128,0.9326187687712924,0.005818455705390685,0.005818455705390685,0.004593675286035397
1408,128,0.9507606072672993,0.005896445306442052,0.005896445306442052,0.004689542971457145
1472,128,0.9372396158538991,0.0058440996364202994,0.0058440996364202994,0.004620112223421129
1536,128,0.9225081301361682,0.005889296038364415,0.005889296038364415,0.00465927789011778
1600,128,0.9292624810278164,0.006085717880082878,0.006085717880082878,0.004860664127288722
1664,128,0.9327838130101921,0.005986629525563809,0.005986629525563809,0.004790404772927772
1728,128,0.9319710702601802,0.005873234724183895,0.005873234724183895,0.004682314853481334
1792,128,0.9306184345040381,0.005667251034965985,0.005667251034965985,0.004481024765834144
1856,128,0.9304991765079744,0.005581322281574221,0.005581322281574221,0.004410467431083799
1920,128,0.9391846321288564,0.005604541262687037,0.005604541262687037,0.004435012573223396
0,192,0.9413443367426415,0.005828162893817962,0.005828162893817962,0.004638678291098488
64,192,0.9442945779911331,0.0060807397001038065,0.0060807397001038065,0.00483687759432167
128,192,0.94665976020165,0.006102079270798306,0.006102079270798306,0.004851381283984647
192,192,0.9376708300968305,0.00616201468977848,0.00616201468977848,0.00489960035336879
256,192,0.9381425017724948,0.006181675991962001,0.006181675991962001,0.004927755228763405
320,192,0.9548550105065363,0.006150727176226565,0.006150727176226565,0.004925592000381203
384,192,0.9611789377355637,0.006146657877315408,0.006146657877315408,0.004909167513806262
448,192,0.9469365092566118,0.006038438883075115,0.006038438883075115,0.004813909096459257
512,192,0.942363045459454,0.005662425330589252,0.005662425330589252,0.004460063559810955
576,192,0.9481077000301579,0.005709196798461042,0.005709196798461042,0.004497361453658554
640,192,0.9478931209862989,0.006072273590965994,0.006072273590965994,0.004840548186377028
704,192,0.9490089994376459,0.006103869942268453,0.006103869942268453,0.004863004785145494
768,192,0.8861690121857352,0.017954676021274214,0.017954676021274214,0.008449567143723606
1024,192,0.7922740556179141,0.03325597483327514,0.03325597483327514,0.0154690450689423
1088,192,0.8391505171058182,0.028044570959105616,0.028044570959105616,0.012431044658612788
1152,192,0.8954390220013071,0.01966135302693611,0.01966135302693611,0.008345537838711042
1216,192,0.9253836754101038,0.007612219330459073,0.007612219330459073,0.004918826224749895
1280,192,0.8936142085356084,0.006158843478925865,0.006158843478925865,0.004834635854138347
1344,192,0.8835867324898531,0.006365737130693873,0.006365737130693873,0.005028581379117052
1408,192,0.9178121190913087,0.006146495522281984,0.006146495522281984,0.0048712327432749395
1472,192,0.9446777106477336,0.00596478562592599,0.00596478562592599,0.004725984737791357
1536,192,0.9494041286774093,0.005900748145953974,0.005900748145953974,0.004678855967312755
1600,192,0.9473220381207557,0.0060115718034283346,0.0060115718034283346,0.00478024657155772
1664,192,0.9291384708768164,0.006058581128887739,0.006058581128887739,0.004805096381831546
1728,192,0.9112371823116506,0.006010113478902256,0.006010113478902256,0.004749694674206205
1792,192,0.9111736465131268,0.005830696832773612,0.005830696832773612,0.004566701852242177
1856,192,0.9038735246834397,0.0059074627827530694,0.0059074627827530694,0.004622666535650749
1920,192,0.9249462581724731,0.005721651613509102,0.005721651613509102,0.00448855883321208
0,256,0.9430524582107841,0.005874300259865222,0.005874300259865222,0.00467270120332857
64,256,0.9462890404631079,0.0060256153123509635,0.0060256153123509635,0.004784091487230215
128,256,0.9342595377911004,0.006005535560334773,0.006005535560334773,0.004756063647740094
192,256,0.9193893042581405,0.006041454508777112,0.006041454508777112,0.004778758894846611
256,256,0.9216137925117445,0.006245675586321107,0.006245675586321107,0.004953022441241922
320,256,0.9380243713153866,0.00626912759301142,0.00626912759301142,0.00499043484927928
384,256,0.9470119234941722,0.006068083602453018,0.006068083602453018,0.0048256460548596015
448,256,0.9401634155820913,0.0059018191845788635,0.0059018191845788635,0.004681122733036931
512,256,0.943622221604778,0.005376949988654256,0.005376949988654256,0.004175814603664495
576,256,0.9406363034738363,0.005529844385443689,0.005529844385443689,0.004284045509736196
640,256,0.9367646820430622,0.00609663247449411,0.00609663247449411,0.004842682872721705
704,256,0.9318429033082682,0.01042258999451246,0.01042258999451246,0.0057089494304649446
1408,256,0.8661019732400654,0.010324675243445477,0.010324675243445477,0.006486318589732202
1472,256,0.9354772577344815,0.0066203951891456855,0.0066203951891456855,0.005017469957923594
1536,256,0.9494833202937342,0.005925311231938256,0.005925311231938256,0.004708105747917066
1600,256,0.9406764894186096,0.0058581446551291836,0.0058581446551291836,0.004659793547011827
1664,256,0.9122592223187163,0.0061278352315590435,0.0061278352315590435,0.004832955466758377
1728,256,0.8778184427558438,0.006271076366214431,0.006271076366214431,0.004910756268975332
1792,256,0.8719527080395617,0.00613910839441017,0.00613910839441017,0.004797017364461302
1856,256,0.8720574310741487,0.0062342415100315905,0.0062342415100315905,0.004895759742551815
1920,256,0.8958443884190861,0.005871499459726621,0.005871499459726621,0.004600720068351644
0,320,0.9334271289771927,0.005972172799606968,0.005972172799606968,0.004743346551100059
64,320,0.9320594440203475,0.005997299615947981,0.005997299615947981,0.004765423274332177
128,320,0.9310516271347034,0.005808103174244707,0.005808103174244707,0.004590674381120961
192,320,0.9378031524682197,0.005797442457590162,0.005797442457590162,0.004595230932281813
256,320,0.9284901740260703,0.0062048482246819065,0.0062048482246819065,0.004951379798765327
320,320,0.9262037614177343,0.006249359526482491,0.006249359526482491,0.00495606713269946
384,320,0.9332739933915686,0.006099082543024562,0.006099082543024562,0.004831020225689986
448,320,0.9384019000219712,0.006043545051608442,0.006043545051608442,0.004801485410677895
512,320,0.948677942722561,0.00582276891310415,0.005822768913104151,0.004578219038553306
576,320,0.9446860961736476,0.005816532451237527,0.005816532451237527,0.004564473448634424
640,320,0.9421107216671208,0.005992065887339726,0.005992065887339726,0.004749939820864673
704,320,0.9096255391078927,0.014462403098837773,0.014462403098837773,0.007450080023199787
1472,320,0.8068852096735403,0.014830623201555258,0.014830623201555258,0.009221027191205305
1536,320,0.9171225422347232,0.007351037926442827,0.007351037926442827,0.005287868862846304
1600,320,0.9001481373040728,0.006038229214376744,0.006038229214376744,0.0047808988302790595
1664,320,0.876587545543964,0.006220893597314477,0.006220893597314477,0.004877917032920374
1728,320,0.8766242976781865,0.00628917216329104,0.00628917216329104,0.004910807208023232
1792,320,0.8867790997782878,0.006032092651523989,0.006032092651523989,0.00470330980983324
1856,320,0.8970298544713518,0.005945428521751094,0.005945428521751094,0.004598476000669806
1920,320,0.8949586089100285,0.005720431739347325,0.005720431739347325,0.004404459935400575
0,384,0.9193252027267317,0.005865577129964247,0.005865577129964247,0.004613339109636832
64,384,0.9225946304875404,0.005849091148935247,0.005849091148935247,0.004619261002624367
128,384,0.9328727949937066,0.005749896355663834,0.005749896355663834,0.004557246802543822
192,384,0.9420679497898277,0.005735330046183372,0.005735330046183372,0.004551156584245428
256,384,0.9294359712874491,0.006134847213175489,0.006134847213175489,0.004896305178727177
320,384,0.9256127887016069,0.006193377539495466,0.006193377539495466,0.004908960293054939
384,384,0.9276291837205186,0.006214445278768275,0.006214445278768275,0.004897432181040107
448,384,0.9377343770912407,0.006301663269766926,0.006301663269766926,0.005000824178470243
512,384,0.9517203504531081,0.0062054006914767645,0.0062054006914767645,0.004949430947195662
576,384,0.9602512305040898,0.0060557162807423175,0.0060557162807423175,0.004834468321239523
640,384,0.9655500496640559,0.0059792316148248115,0.0059792316148248115,0.004770706975733272
704,384,0.936541788105113,0.011970972607433178,0.011970972607433178,0.006781585769086044
1600,384,0.8617324824048863,0.0074773817593137455,0.0074773817593137455,0.0054933529376960215
1664,384,0.8839541826783062,0.006075315643500519,0.006075315643500519,0.004689309430686036
1728,384,0.8834432497494524,0.0061157373687865686,0.0061157373687865686,0.004691242960070969
1792,384,0.8690800268895402,0.0065151382123704365,0.0065151382123704365,0.005027302003463737
1856,384,0.8662816321047795,0.006735539473481197,0.006735539473481197,0.005092313227463586
1920,384,0.8819708694412915,0.006082284613045539,0.006082284613045539,0.004417097036233256
0,448,0.9164687935004263,0.005797259041559031,0.005797259041559031,0.004550406982806565
64,448,0.9243212530296141,0.005803080764948065,0.005803080764948065,0.00457184695356447
128,448,0.9301107963062805,0.005810608663213207,0.005810608663213207,0.004596341845892114
192,448,0.9253345528448897,0.005852014742364458,0.005852014742364458,0.004622205316640399
256,448,0.9125479675389883,0.006174089257812997,0.006174089257812997,0.004895683470956389
320,448,0.9054723033771024,0.006267495746039242,0.006267495746039242,0.004963672234864656
384,448,0.9153187634896577,0.006251049307250813,0.006251049307250813,0.004934088116870798
448,448,0.9411411112950492,0.006217692161915084,0.006217692161915084,0.0049386015735609625
512,448,0.9454588650302145,0.0061530104015780785,0.0061530104015780785,0.004910936507532656
576,448,0.9380680675870796,0.005865760883062637,0.005865760883062637,0.004654618699450675
640,448,0.9312315114659764,0.005881483313068878,0.005881483313068878,0.004660954800111789
704,448,0.9279606685926529,0.006505601504296726,0.006505601504296726,0.00497708479921776
768,448,0.8965777903789904,0.010623748992060792,0.010623748992060792,0.006913354468533332
832,448,0.8231166195579669,0.01561900976218906,0.01561900976218906,0.010297912557930632
1664,448,0.8303390764691522,0.009627935597915397,0.009627935597915397,0.006343432295912787
1728,448,0.8224881127966945,0.007739653215747485,0.007739653215747485,0.005641185773420724
1792,448,0.834941673710018,0.0068694538759024055,0.0068694538759024055,0.005334064680250944
1856,448,0.8262535462943454,0.007259992739112301,0.007259992739112301,0.005505173054448821
1920,448,0.8339806602552741,0.007080671338559008,0.007080671338559008,0.005126401081577282
0,512,0.9102629582604925,0.006035091544033485,0.006035091544033485,0.004746303800584596
64,512,0.9224361819481334,0.00611411188733614,0.00611411188733614,0.004845100305690313
128,512,0.9214984245952376,0.005933014586012612,0.005933014586012612,0.0046727844669844885
192,512,0.916760117957008,0.006036185117476131,0.006036185117476131,0.004747236355984859
256,512,0.909909935909273,0.006392889759457198,0.006392889759457198,0.005077366526333671
320,512,0.8976788133043371,0.006424250236065945,0.006424250236065945,0.005098710293474781
384,512,0.9079881740772342,0.006245740387135558,0.006245740387135558,0.00495034913969894
448,512,0.9200823894271595,0.006040252216966744,0.006040252216966744,0.00480154574526406
512,512,0.9111096845253471,0.006062781371006445,0.006062781371006445,0.004826593496457463
576,512,0.9017278022661053,0.005899995452085114,0.005899995452085114,0.004651177271297546
640,512,0.8875515139232479,0.0060766813298986965,0.0060766813298986965,0.004778758309549219
704,512,0.8883205804657621,0.006369087157340739,0.006369087157340739,0.005031300584522111
768,512,0.8924374017966219,0.006382942922735521,0.006382942922735521,0.004993336563356887
832,512,0.8746393992974335,0.007737776495020259,0.007737776495020259,0.005628723537036995
1792,512,0.785188335296717,0.008180118899481316,0.008180118899481316,0.006144592888497477
1856,512,0.8021830471145003,0.007483282402612692,0.007483282402612692,0.005715086842253166
0,576,0.8838244532462228,0.006196730771813279,0.006196730771813279,0.004871587857323839
64,576,0.8862144215089591,0.0063567961868190226,0.0063567961868190226,0.005030954613731851
128,576,0.8903742924657008,0.006248410213615312,0.006248410213615312,0.004932581132541607
192,576,0.8960463973321071,0.006097411049018078,0.006097411049018078,0.004755509422248817
256,576,0.8909804567624532,0.006371473707123868,0.006371473707123868,0.004999558746891559
320,576,0.8754988723093904,0.006636105766893958,0.006636105766893958,0.005254153617630765
384,576,0.869866974696625,0.006731996711676672,0.006731996711676672,0.005307736151425673
448,576,0.862886138572738,0.006714677627768881,0.006714677627768881,0.005271289565600802
512,576,0.8614357100678062,0.00670903046561094,0.00670903046561094,0.005243225937878779
576,576,0.8591754452502642,0.006830739630615264,0.006830739630615264,0.0052810456879311685
640,576,0.850786305359372,0.006894803238414525,0.006894803238414525,0.005326291620463021
704,576,0.8612145253414545,0.00678179986416861,0.00678179986416861,0.005299422370432243
768,576,0.8153691735750823,0.007803293193569635,0.007803293193569635,0.005870203546252877
0,640,0.8658336448121351,0.006252280807389185,0.006252280807389185,0.004901256370415304
64,640,0.8482056725954678,0.006649143697180051,0.006649143697180051,0.005226777606303716
128,640,0.8507948521425097,0.0068672992972821515,0.0068672992972821515,0.0053159066791967175
192,640,0.8671351719242305,0.006511314246674478,0.006511314246674478,0.004963673086009792
256,640,0.8362213013320803,0.006908965422472019,0.006908965422472019,0.005304949431737146
320,640,0.805866012172479,0.007440182611980355,0.007440182611980355,0.005809021192854912
384,640,0.803211614262731,0.007711996115736219,0.007711996115736219,0.006059820384381525
448,640,0.7838291168180689,0.008223943941211573,0.008223943941211573,0.006414879104317567
512,640,0.8022224809701958,0.007904344837115204,0.007904344837115204,0.006121998018328199
576,640,0.7807555751243448,0.009183296770590668,0.009183296770590668,0.006654728115978736
0,704,0.8445438745197189,0.006475796315607481,0.006475796315607481,0.005049543491292209
64,704,0.8378913725046112,0.007037330522363892,0.007037330522363892,0.005537182799030281
128,704,0.8050088022179972,0.007759686324930063,0.007759686324930063,0.006002989230717832
192,704,0.8098987740663253,0.007641312399833507,0.007641312399833507,0.005866466372480686
256,704,0.801649898345272,0.007837626462192398,0.007837626462192398,0.006068445095099774
0,768,0.7939441617975667,0.010301821177766476,0.010301821177766476,0.006600978315512527
64,768,0.7805391220128172,0.012152541352246835,0.012152541352246835,0.00764317835088977
192,768,0.8014102700495176,0.008015350384291168,0.008015350384291168,0.006019035785959451
256,768,0.7991782980968354,0.011451430332538839,0.011451430332538839,0.006586206266926176
1408,768,0.7977413284901766,0.014363206627701824,0.014363206627701824,0.00904594496173565
1472,768,0.8008624839005636,0.01769552970301251,0.01769552970301251,0.009469583936485266
192,832,0.810187001321184,0.009373716014270853,0.009373716014270853,0.0060788173855748084
1344,832,0.8330823220994625,0.013861151216249264,0.013861151216249264,0.00817948433585644
1408,832,0.8208202692739568,0.025782236289313136,0.025782236289313136,0.012143671169762855
1280,896,0.8074326375041847,0.01773795319281729,0.01773795319281729,0.008795032765070076
1344,896,0.8441139255694863,0.015651437599103472,0.015651437599103472,0.008351127388001305
1344,960,0.8183222474719335,0.01588396521733542,0.01588396521733542,0.008584883836363152
1408,960,0.8201964990486121,0.014555252099662472,0.014555252099662472,0.008502329566623678
